SchemaName,ProcName,CreateDate,ModifyDate,ParamCount,ReferencedInCode,SqlFile
dbo,CommandExecute,2018-04-17 21:04:36,2018-04-17 21:04:36,15,NO,sql/dbo.CommandExecute.sql
dbo,DatabaseIntegrityCheck,2018-04-17 21:05:59,2018-04-17 21:06:00,15,NO,sql/dbo.DatabaseIntegrityCheck.sql
dbo,IndexOptimize,2018-04-17 20:17:04,2018-04-17 21:04:44,27,NO,sql/dbo.IndexOptimize.sql
euroamer_admin_2008,Agencia_Eliminar,2013-12-24 08:50:57,2025-01-02 06:23:39,1,SI,sql/euroamer_admin_2008.Agencia_Eliminar.sql
euroamer_admin_2008,Agencia_Obtener,2017-03-25 18:41:08,2026-08-11 05:58:36,8,NO,sql/euroamer_admin_2008.Agencia_Obtener.sql
euroamer_admin_2008,Agencia_Obtener_nuevo,2026-08-11 06:05:17,2026-08-11 06:54:55,8,SI,sql/euroamer_admin_2008.Agencia_Obtener_nuevo.sql
euroamer_admin_2008,Agencia_Procesar,2017-03-25 18:41:08,2025-11-03 02:35:27,24,NO,sql/euroamer_admin_2008.Agencia_Procesar.sql
euroamer_admin_2008,Agencia_Procesar_nuevo,2026-08-10 08:50:06,2026-08-19 07:47:19,26,SI,sql/euroamer_admin_2008.Agencia_Procesar_nuevo.sql
euroamer_admin_2008,AgenciaApps_Obtener,2016-02-21 18:26:50,2016-03-15 18:49:43,5,NO,sql/euroamer_admin_2008.AgenciaApps_Obtener.sql
euroamer_admin_2008,AgenciaCobranaza_Reporte,2025-05-24 10:58:20,2025-07-08 05:44:34,4,SI,sql/euroamer_admin_2008.AgenciaCobranaza_Reporte.sql
euroamer_admin_2008,AgenciaCobranza_Detalle,2025-06-23 06:44:07,2025-07-08 05:39:58,4,SI,sql/euroamer_admin_2008.AgenciaCobranza_Detalle.sql
euroamer_admin_2008,AgenciaComision_Reporte,2025-05-24 11:01:57,2025-07-01 06:00:58,4,SI,sql/euroamer_admin_2008.AgenciaComision_Reporte.sql
euroamer_admin_2008,AgenciaDescuento_Reporte,2025-05-24 10:47:06,2025-07-01 03:58:42,4,SI,sql/euroamer_admin_2008.AgenciaDescuento_Reporte.sql
euroamer_admin_2008,AgenciaFactura_Eliminar,2025-05-13 07:59:44,2025-05-20 05:12:38,1,SI,sql/euroamer_admin_2008.AgenciaFactura_Eliminar.sql
euroamer_admin_2008,AgenciaFactura_Obtener,2025-05-12 06:40:34,2025-05-20 05:22:10,8,SI,sql/euroamer_admin_2008.AgenciaFactura_Obtener.sql
euroamer_admin_2008,AgenciaFactura_Procesar,2025-05-12 03:56:51,2025-05-20 07:36:38,11,SI,sql/euroamer_admin_2008.AgenciaFactura_Procesar.sql
euroamer_admin_2008,AgenciaPagos_Reporte,2025-05-24 10:55:48,2025-07-01 02:01:13,4,SI,sql/euroamer_admin_2008.AgenciaPagos_Reporte.sql
euroamer_admin_2008,AgenciaProducto_Eliminar,2025-04-15 03:26:19,2025-07-03 07:24:31,1,SI,sql/euroamer_admin_2008.AgenciaProducto_Eliminar.sql
euroamer_admin_2008,AgenciaProducto_Obtener,2025-04-15 03:23:33,2025-07-03 07:23:50,4,SI,sql/euroamer_admin_2008.AgenciaProducto_Obtener.sql
euroamer_admin_2008,AgenciaProducto_Procesar,2025-04-15 03:23:22,2025-07-03 07:22:38,8,SI,sql/euroamer_admin_2008.AgenciaProducto_Procesar.sql
euroamer_admin_2008,AgenciaUsuario_Eliminar,2013-12-24 08:50:57,2025-01-02 06:23:40,1,SI,sql/euroamer_admin_2008.AgenciaUsuario_Eliminar.sql
euroamer_admin_2008,AgenciaUsuario_Obtener,2013-12-24 08:50:57,2025-02-14 03:51:53,6,SI,sql/euroamer_admin_2008.AgenciaUsuario_Obtener.sql
euroamer_admin_2008,AgenciaUsuario_Procesar,2013-12-24 08:50:57,2025-07-08 07:20:15,20,SI,sql/euroamer_admin_2008.AgenciaUsuario_Procesar.sql
euroamer_admin_2008,AgenciaVenta_Obtener,2014-04-28 13:24:03,2024-07-27 14:42:06,1,SI,sql/euroamer_admin_2008.AgenciaVenta_Obtener.sql
euroamer_admin_2008,Asistencia_Procesar,2015-02-06 08:43:26,2015-03-25 09:52:03,6,NO,sql/euroamer_admin_2008.Asistencia_Procesar.sql
euroamer_admin_2008,Cliente_Procesar,2024-12-30 03:19:08,2024-12-30 03:19:08,3,NO,sql/euroamer_admin_2008.Cliente_Procesar.sql
euroamer_admin_2008,Cobrador_Eliminar,2015-10-22 07:59:41,2025-01-02 06:23:40,1,NO,sql/euroamer_admin_2008.Cobrador_Eliminar.sql
euroamer_admin_2008,Cobranza_Actualizar,2015-10-22 07:59:41,2026-02-11 01:46:06,16,SI,sql/euroamer_admin_2008.Cobranza_Actualizar.sql
euroamer_admin_2008,Cobranza_Eliminar,2015-10-22 15:18:24,2025-08-08 03:48:46,1,SI,sql/euroamer_admin_2008.Cobranza_Eliminar.sql
euroamer_admin_2008,Cobranza_Obtener,2015-10-19 04:28:39,2025-08-07 07:24:10,7,SI,sql/euroamer_admin_2008.Cobranza_Obtener.sql
euroamer_admin_2008,Cobranza_PagoEliminar,2025-03-19 07:15:20,2025-03-19 11:26:11,1,SI,sql/euroamer_admin_2008.Cobranza_PagoEliminar.sql
euroamer_admin_2008,Cobranza_PagoObtener,2025-03-19 07:54:17,2025-03-19 11:30:20,1,SI,sql/euroamer_admin_2008.Cobranza_PagoObtener.sql
euroamer_admin_2008,Cobranza_PagoProcesar,2025-03-17 02:30:07,2025-03-19 11:28:45,8,SI,sql/euroamer_admin_2008.Cobranza_PagoProcesar.sql
euroamer_admin_2008,Cobranza_PagoVerificarObtener,2025-03-25 06:21:46,2025-07-18 08:39:56,2,SI,sql/euroamer_admin_2008.Cobranza_PagoVerificarObtener.sql
euroamer_admin_2008,Cobranza_PagoVerificarProcesar,2025-03-25 06:22:02,2025-07-09 07:58:33,2,SI,sql/euroamer_admin_2008.Cobranza_PagoVerificarProcesar.sql
euroamer_admin_2008,Cobranza_Procesar,2018-08-31 10:39:29,2025-08-07 08:33:52,18,SI,sql/euroamer_admin_2008.Cobranza_Procesar.sql
euroamer_admin_2008,CodigoExterno_ValidaExistencia,2016-12-09 20:42:05,2025-04-07 08:46:28,1,SI,sql/euroamer_admin_2008.CodigoExterno_ValidaExistencia.sql
euroamer_admin_2008,Comision_Obtener,2025-07-09 08:43:02,2025-07-14 02:13:40,1,SI,sql/euroamer_admin_2008.Comision_Obtener.sql
euroamer_admin_2008,Correlativo_Generar,2013-12-24 08:50:57,2025-02-08 02:18:04,1,SI,sql/euroamer_admin_2008.Correlativo_Generar.sql
euroamer_admin_2008,Cotizador_Listado_Obtener,2018-10-04 12:41:48,2025-08-13 07:32:52,5,NO,sql/euroamer_admin_2008.Cotizador_Listado_Obtener.sql
euroamer_admin_2008,Cotizador_Listado_ObtenerN,2019-04-02 15:19:50,2019-09-10 10:05:12,5,NO,sql/euroamer_admin_2008.Cotizador_Listado_ObtenerN.sql
euroamer_admin_2008,Cotizador_Listado_ObtenerNuevo,2019-09-10 12:38:35,2026-03-25 08:21:39,6,NO,sql/euroamer_admin_2008.Cotizador_Listado_ObtenerNuevo.sql
euroamer_admin_2008,Cotizador_Listado_Producto,2025-08-13 07:31:41,2025-08-13 07:31:41,0,NO,sql/euroamer_admin_2008.Cotizador_Listado_Producto.sql
euroamer_admin_2008,Cotizador_Listado_ProductosNuevo,2021-12-23 09:59:25,2025-08-13 07:31:30,1,NO,sql/euroamer_admin_2008.Cotizador_Listado_ProductosNuevo.sql
euroamer_admin_2008,Cotizador_Listado_ProductoTarifa,2025-08-13 07:31:11,2025-08-13 07:31:11,0,NO,sql/euroamer_admin_2008.Cotizador_Listado_ProductoTarifa.sql
euroamer_admin_2008,Cotizador_Obtener,2025-10-10 05:21:03,2025-10-23 08:31:31,6,SI,sql/euroamer_admin_2008.Cotizador_Obtener.sql
euroamer_admin_2008,Cotizador_OrigenDestino_Obtener,2018-07-26 08:48:02,2025-10-06 08:15:02,1,SI,sql/euroamer_admin_2008.Cotizador_OrigenDestino_Obtener.sql
euroamer_admin_2008,Cotizador_ProductoCobertura_Consulta,2025-08-13 07:29:23,2025-08-13 07:29:23,6,NO,sql/euroamer_admin_2008.Cotizador_ProductoCobertura_Consulta.sql
euroamer_admin_2008,Cotizador_ProductoCobertura_Consulta2,2025-08-13 07:29:13,2025-08-13 07:29:13,5,NO,sql/euroamer_admin_2008.Cotizador_ProductoCobertura_Consulta2.sql
euroamer_admin_2008,Cotizador_ProductoCobertura_Procesar,2025-08-13 07:29:03,2025-08-13 07:29:03,2,NO,sql/euroamer_admin_2008.Cotizador_ProductoCobertura_Procesar.sql
euroamer_admin_2008,Cotizador_ProductoTarifa_Procesar,2025-08-13 07:28:52,2025-08-13 07:28:52,3,NO,sql/euroamer_admin_2008.Cotizador_ProductoTarifa_Procesar.sql
euroamer_admin_2008,Empleado_Procesar,2015-02-05 14:39:03,2015-02-06 13:14:45,8,NO,sql/euroamer_admin_2008.Empleado_Procesar.sql
euroamer_admin_2008,FacturacionCaso_Obtener,2015-05-13 19:17:59,2015-05-13 19:17:59,3,NO,sql/euroamer_admin_2008.FacturacionCaso_Obtener.sql
euroamer_admin_2008,GenerarCodigoLiquidacion_Procesar,2025-07-07 05:31:02,2025-07-07 06:52:17,0,SI,sql/euroamer_admin_2008.GenerarCodigoLiquidacion_Procesar.sql
euroamer_admin_2008,Grafico_Obtener,2015-04-14 21:07:36,2024-11-18 06:08:24,4,SI,sql/euroamer_admin_2008.Grafico_Obtener.sql
euroamer_admin_2008,Grafico_ObtenerNuevo,2025-03-21 07:29:25,2026-01-30 08:36:00,8,SI,sql/euroamer_admin_2008.Grafico_ObtenerNuevo.sql
euroamer_admin_2008,GraficoReporte_Obtener,2017-03-25 18:41:08,2024-11-18 06:10:01,4,SI,sql/euroamer_admin_2008.GraficoReporte_Obtener.sql
euroamer_admin_2008,Incentivo_PagoObtener,2025-04-04 06:58:33,2025-07-14 06:49:01,3,SI,sql/euroamer_admin_2008.Incentivo_PagoObtener.sql
euroamer_admin_2008,Incentivo_PagoProcesar,2025-04-04 06:58:18,2025-04-17 05:03:48,4,SI,sql/euroamer_admin_2008.Incentivo_PagoProcesar.sql
euroamer_admin_2008,Liquidacion_Obtener,2017-12-20 07:29:28,2025-04-07 06:27:29,13,NO,sql/euroamer_admin_2008.Liquidacion_Obtener.sql
euroamer_admin_2008,Liquidacion_Obtener_2026,2026-08-27 02:41:00,2026-08-27 02:41:00,17,SI,sql/euroamer_admin_2008.Liquidacion_Obtener_2026.sql
euroamer_admin_2008,Liquidacion_Obtener2,2018-03-07 10:14:51,2018-03-07 10:14:51,13,NO,sql/euroamer_admin_2008.Liquidacion_Obtener2.sql
euroamer_admin_2008,Liquidacion_Obtener3,2019-07-22 07:51:53,2025-10-22 05:30:44,16,NO,sql/euroamer_admin_2008.Liquidacion_Obtener3.sql
euroamer_admin_2008,Liquidacion_Procesar,2025-03-11 06:26:40,2025-07-07 06:57:34,9,SI,sql/euroamer_admin_2008.Liquidacion_Procesar.sql
euroamer_admin_2008,LiquidacionCuadre_Obtener,2025-04-17 09:44:51,2025-10-27 06:06:32,5,SI,sql/euroamer_admin_2008.LiquidacionCuadre_Obtener.sql
euroamer_admin_2008,Menu_Obtener,2013-12-24 08:50:57,2025-04-17 05:04:09,1,SI,sql/euroamer_admin_2008.Menu_Obtener.sql
euroamer_admin_2008,Menu_ObtenerDashboard,2025-03-21 08:38:04,2025-10-09 03:57:24,2,SI,sql/euroamer_admin_2008.Menu_ObtenerDashboard.sql
euroamer_admin_2008,Menu_ObtenerPermisos,2013-12-24 08:50:57,2025-01-08 06:03:08,1,SI,sql/euroamer_admin_2008.Menu_ObtenerPermisos.sql
euroamer_admin_2008,Menu_ObtenerPermisosBotones,2015-10-18 17:34:40,2015-10-18 17:34:40,2,SI,sql/euroamer_admin_2008.Menu_ObtenerPermisosBotones.sql
euroamer_admin_2008,Opcion_Obtener,2026-05-14 04:48:53,2026-08-19 03:16:49,1,NO,sql/euroamer_admin_2008.Opcion_Obtener.sql
euroamer_admin_2008,Pais_Eliminar,2014-06-13 22:47:33,2025-01-02 06:23:41,1,SI,sql/euroamer_admin_2008.Pais_Eliminar.sql
euroamer_admin_2008,Pais_Obtener,2014-06-13 22:47:33,2025-04-29 08:41:00,2,SI,sql/euroamer_admin_2008.Pais_Obtener.sql
euroamer_admin_2008,Pais_Procesar,2016-12-09 20:42:56,2025-01-19 05:06:51,16,SI,sql/euroamer_admin_2008.Pais_Procesar.sql
euroamer_admin_2008,PaisImagenPromocion_Eliminar,2016-12-09 20:42:05,2016-12-09 20:42:05,1,SI,sql/euroamer_admin_2008.PaisImagenPromocion_Eliminar.sql
euroamer_admin_2008,PaisImagenPromocion_Obtener,2016-12-09 20:42:05,2016-12-09 20:42:05,3,SI,sql/euroamer_admin_2008.PaisImagenPromocion_Obtener.sql
euroamer_admin_2008,PaisImagenPromocion_Procesar,2016-12-09 20:42:05,2016-12-09 20:42:05,5,SI,sql/euroamer_admin_2008.PaisImagenPromocion_Procesar.sql
euroamer_admin_2008,Pasajero_Listado,2025-06-24 03:35:50,2025-06-24 03:35:50,4,SI,sql/euroamer_admin_2008.Pasajero_Listado.sql
euroamer_admin_2008,Pasajero_Obtener,2021-12-12 06:20:57,2025-08-14 02:59:29,4,SI,sql/euroamer_admin_2008.Pasajero_Obtener.sql
euroamer_admin_2008,Pasajero_Procesar,2021-12-13 11:52:36,2022-01-27 20:27:23,25,NO,sql/euroamer_admin_2008.Pasajero_Procesar.sql
euroamer_admin_2008,Perfil_Eliminar,2013-12-24 08:50:58,2025-01-02 06:23:41,1,SI,sql/euroamer_admin_2008.Perfil_Eliminar.sql
euroamer_admin_2008,Perfil_Obtener,2013-12-24 08:50:58,2025-02-05 01:59:58,2,SI,sql/euroamer_admin_2008.Perfil_Obtener.sql
euroamer_admin_2008,Perfil_Procesar,2013-12-24 08:50:58,2025-01-17 22:42:30,5,SI,sql/euroamer_admin_2008.Perfil_Procesar.sql
euroamer_admin_2008,PerfilMenu_Eliminar,2013-12-24 08:50:58,2026-08-28 02:41:47,1,SI,sql/euroamer_admin_2008.PerfilMenu_Eliminar.sql
euroamer_admin_2008,PerfilMenu_Procesar,2013-12-24 08:50:58,2025-01-17 09:30:49,2,SI,sql/euroamer_admin_2008.PerfilMenu_Procesar.sql
euroamer_admin_2008,PrecioImpresion_Obtener,2017-11-18 14:43:08,2017-11-18 14:43:08,1,SI,sql/euroamer_admin_2008.PrecioImpresion_Obtener.sql
euroamer_admin_2008,proc_ScriptIndexColumn,2020-04-19 13:16:11,2020-04-19 13:16:11,2,NO,sql/euroamer_admin_2008.proc_ScriptIndexColumn.sql
euroamer_admin_2008,Producto_Copiar,2017-02-03 14:44:32,2025-12-24 06:46:28,3,SI,sql/euroamer_admin_2008.Producto_Copiar.sql
euroamer_admin_2008,Producto_Eliminar,2013-12-24 08:50:58,2025-01-02 06:23:42,1,SI,sql/euroamer_admin_2008.Producto_Eliminar.sql
euroamer_admin_2008,Producto_Obtener,2017-03-25 18:41:08,2020-04-22 17:32:38,6,NO,sql/euroamer_admin_2008.Producto_Obtener.sql
euroamer_admin_2008,Producto_Obtener_2026,2026-08-20 08:14:25,2026-08-20 08:14:25,6,SI,sql/euroamer_admin_2008.Producto_Obtener_2026.sql
euroamer_admin_2008,Producto_Procesar,2013-12-24 08:50:58,2025-12-24 06:49:06,21,SI,sql/euroamer_admin_2008.Producto_Procesar.sql
euroamer_admin_2008,Producto_ValidaEquivalenvia,2016-02-15 21:13:38,2016-12-29 15:50:05,1,SI,sql/euroamer_admin_2008.Producto_ValidaEquivalenvia.sql
euroamer_admin_2008,Productobeneficio_Eliminar,2014-08-23 10:52:35,2025-01-02 06:23:42,1,SI,sql/euroamer_admin_2008.Productobeneficio_Eliminar.sql
euroamer_admin_2008,ProductoBeneficio_Obtener,2014-08-23 10:52:35,2025-01-25 07:34:10,3,SI,sql/euroamer_admin_2008.ProductoBeneficio_Obtener.sql
euroamer_admin_2008,ProductoBeneficio_Obtener_html,2018-07-26 09:18:35,2018-07-26 09:18:35,4,NO,sql/euroamer_admin_2008.ProductoBeneficio_Obtener_html.sql
euroamer_admin_2008,ProductoBeneficio_Obtener_html2,2021-12-23 10:00:39,2021-12-23 10:00:39,4,NO,sql/euroamer_admin_2008.ProductoBeneficio_Obtener_html2.sql
euroamer_admin_2008,ProductoBeneficio_Obtener_html3,2021-11-08 12:59:34,2021-11-08 12:59:34,3,NO,sql/euroamer_admin_2008.ProductoBeneficio_Obtener_html3.sql
euroamer_admin_2008,ProductoBeneficio_Obtener_htmlCoti,2025-10-17 05:14:41,2025-10-17 05:14:41,4,NO,sql/euroamer_admin_2008.ProductoBeneficio_Obtener_htmlCoti.sql
euroamer_admin_2008,Productobeneficio_Procesar,2014-08-23 10:52:35,2025-01-02 08:57:15,7,SI,sql/euroamer_admin_2008.Productobeneficio_Procesar.sql
euroamer_admin_2008,ProductoBeneficioArr_Obtener,2025-10-23 04:08:27,2025-10-24 02:26:17,2,SI,sql/euroamer_admin_2008.ProductoBeneficioArr_Obtener.sql
euroamer_admin_2008,ProductoTarifa_Eliminar,2013-12-24 08:50:58,2025-01-02 06:23:43,1,SI,sql/euroamer_admin_2008.ProductoTarifa_Eliminar.sql
euroamer_admin_2008,ProductoTarifa_Obtener,2013-12-24 08:50:58,2025-01-29 09:37:03,2,SI,sql/euroamer_admin_2008.ProductoTarifa_Obtener.sql
euroamer_admin_2008,ProductoTarifa_ObtenerxNumeroDias,2013-12-24 08:50:58,2013-12-24 08:50:58,2,SI,sql/euroamer_admin_2008.ProductoTarifa_ObtenerxNumeroDias.sql
euroamer_admin_2008,ProductoTarifa_Procesar,2013-12-24 08:50:58,2025-04-02 06:12:43,8,SI,sql/euroamer_admin_2008.ProductoTarifa_Procesar.sql
euroamer_admin_2008,ProductoTarifaIncentivo_Procesar,2025-04-02 06:03:29,2025-04-02 06:46:15,8,SI,sql/euroamer_admin_2008.ProductoTarifaIncentivo_Procesar.sql
euroamer_admin_2008,Promocion_Obtener,2017-03-25 18:41:08,2018-05-18 05:29:00,4,SI,sql/euroamer_admin_2008.Promocion_Obtener.sql
euroamer_admin_2008,PromocionPais_Eliminar,2017-03-25 18:41:08,2025-04-14 02:42:51,4,SI,sql/euroamer_admin_2008.PromocionPais_Eliminar.sql
euroamer_admin_2008,PromocionPais_Obtener,2017-03-25 18:41:08,2025-10-07 02:27:33,5,SI,sql/euroamer_admin_2008.PromocionPais_Obtener.sql
euroamer_admin_2008,PromocionPais_Procesar,2017-03-25 18:41:08,2025-10-07 02:19:46,8,SI,sql/euroamer_admin_2008.PromocionPais_Procesar.sql
euroamer_admin_2008,Promotor_Obtener,2017-03-25 18:41:08,2017-03-25 18:41:08,1,SI,sql/euroamer_admin_2008.Promotor_Obtener.sql
euroamer_admin_2008,PromotorPais_Obtener,2018-02-21 09:14:16,2025-08-14 08:01:30,2,SI,sql/euroamer_admin_2008.PromotorPais_Obtener.sql
euroamer_admin_2008,Solicitud_Atender,2013-12-24 08:50:58,2017-02-09 07:43:57,3,SI,sql/euroamer_admin_2008.Solicitud_Atender.sql
euroamer_admin_2008,Solicitud_Obtener,2017-03-25 18:41:08,2026-04-22 06:32:20,10,SI,sql/euroamer_admin_2008.Solicitud_Obtener.sql
euroamer_admin_2008,Solicitud_Procesar,2013-12-24 08:50:58,2013-12-24 08:50:58,28,NO,sql/euroamer_admin_2008.Solicitud_Procesar.sql
euroamer_admin_2008,Solicitud_Rechazar,2013-12-24 08:50:58,2013-12-24 08:50:58,2,SI,sql/euroamer_admin_2008.Solicitud_Rechazar.sql
euroamer_admin_2008,Solicitud_RegistrarAnulacion,2017-03-25 18:41:08,2025-02-20 13:06:01,5,SI,sql/euroamer_admin_2008.Solicitud_RegistrarAnulacion.sql
euroamer_admin_2008,Solicitud_RegistrarAnulacion_WS,2016-12-09 20:42:05,2016-12-09 20:42:05,4,NO,sql/euroamer_admin_2008.Solicitud_RegistrarAnulacion_WS.sql
euroamer_admin_2008,Solicitud_RegistrarCancelacionTarjetasFree,2015-10-18 17:34:39,2025-02-22 03:12:36,4,SI,sql/euroamer_admin_2008.Solicitud_RegistrarCancelacionTarjetasFree.sql
euroamer_admin_2008,Solicitud_RegistrarCancelacionTarjetasFree_ws,2016-12-09 20:42:05,2016-12-09 20:42:05,4,NO,sql/euroamer_admin_2008.Solicitud_RegistrarCancelacionTarjetasFree_ws.sql
euroamer_admin_2008,Solicitud_RegistrarModificacionCliente,2014-01-28 20:00:59,2025-01-02 08:57:21,15,SI,sql/euroamer_admin_2008.Solicitud_RegistrarModificacionCliente.sql
euroamer_admin_2008,Solicitud_RegistrarModificacionCliente_ws,2016-12-09 20:42:05,2016-12-09 20:42:05,15,NO,sql/euroamer_admin_2008.Solicitud_RegistrarModificacionCliente_ws.sql
euroamer_admin_2008,Solicitud_RegistrarModificacionContacto,2014-06-13 22:53:34,2025-01-02 08:57:22,9,SI,sql/euroamer_admin_2008.Solicitud_RegistrarModificacionContacto.sql
euroamer_admin_2008,Solicitud_RegistrarModificacionContacto_ws,2016-12-09 20:42:05,2016-12-09 20:42:05,9,NO,sql/euroamer_admin_2008.Solicitud_RegistrarModificacionContacto_ws.sql
euroamer_admin_2008,Solicitud_RegistrarModificacionImporte,2015-07-23 19:43:35,2025-01-02 08:57:22,4,SI,sql/euroamer_admin_2008.Solicitud_RegistrarModificacionImporte.sql
euroamer_admin_2008,Solicitud_RegistrarModificacionImporte_ws,2016-12-09 20:42:05,2016-12-09 20:42:05,4,NO,sql/euroamer_admin_2008.Solicitud_RegistrarModificacionImporte_ws.sql
euroamer_admin_2008,Solicitud_RegistrarModificacionProducto,2025-04-17 01:27:18,2025-04-17 03:21:07,8,SI,sql/euroamer_admin_2008.Solicitud_RegistrarModificacionProducto.sql
euroamer_admin_2008,Solicitud_RegistrarModificacionVigencia,2013-12-24 08:50:58,2025-01-02 08:57:22,5,SI,sql/euroamer_admin_2008.Solicitud_RegistrarModificacionVigencia.sql
euroamer_admin_2008,Solicitud_RegistrarModificacionVigencia_ws,2016-12-09 20:42:05,2016-12-09 20:42:05,5,NO,sql/euroamer_admin_2008.Solicitud_RegistrarModificacionVigencia_ws.sql
euroamer_admin_2008,Solicitud_RegistrarReActivacion,2013-12-24 08:50:58,2025-01-02 08:57:23,3,SI,sql/euroamer_admin_2008.Solicitud_RegistrarReActivacion.sql
euroamer_admin_2008,Solicitud_RegistrarReActivacion_ws,2016-12-09 20:42:05,2016-12-09 20:42:05,3,NO,sql/euroamer_admin_2008.Solicitud_RegistrarReActivacion_ws.sql
euroamer_admin_2008,Solicitud_RegistrarTransferencia,2013-12-24 08:50:58,2025-01-02 08:57:23,5,SI,sql/euroamer_admin_2008.Solicitud_RegistrarTransferencia.sql
euroamer_admin_2008,Solicitud_RegistrarTransferencia_ws,2016-12-09 20:42:05,2016-12-09 20:42:05,5,NO,sql/euroamer_admin_2008.Solicitud_RegistrarTransferencia_ws.sql
euroamer_admin_2008,SolicitudAgencia_Obtener,2014-05-18 21:35:43,2014-05-18 21:35:43,1,NO,sql/euroamer_admin_2008.SolicitudAgencia_Obtener.sql
euroamer_admin_2008,SolicitudMasiva_Atender,2017-03-25 18:41:08,2025-11-04 00:30:38,2,SI,sql/euroamer_admin_2008.SolicitudMasiva_Atender.sql
euroamer_admin_2008,SolicitudMasiva_Rechazar,2017-03-25 18:41:08,2025-02-26 09:11:56,2,SI,sql/euroamer_admin_2008.SolicitudMasiva_Rechazar.sql
euroamer_admin_2008,SolicitudTipo_Eliminar,2013-12-24 08:50:59,2025-01-02 06:23:43,1,SI,sql/euroamer_admin_2008.SolicitudTipo_Eliminar.sql
euroamer_admin_2008,SolicitudTipo_Obtener,2013-12-24 08:50:59,2025-04-29 05:43:25,3,SI,sql/euroamer_admin_2008.SolicitudTipo_Obtener.sql
euroamer_admin_2008,SolicitudTipo_Procesar,2013-12-24 08:50:59,2025-01-02 08:57:16,6,SI,sql/euroamer_admin_2008.SolicitudTipo_Procesar.sql
euroamer_admin_2008,sp_generate_inserts,2019-08-02 15:08:04,2019-08-02 15:08:04,14,NO,sql/euroamer_admin_2008.sp_generate_inserts.sql
euroamer_admin_2008,TarjetaAsistencia_Obtener,2019-10-06 10:31:28,2024-09-11 09:23:20,1,NO,sql/euroamer_admin_2008.TarjetaAsistencia_Obtener.sql
euroamer_admin_2008,TipoCaso_Obtener,2015-05-13 19:17:59,2015-05-13 19:17:59,1,NO,sql/euroamer_admin_2008.TipoCaso_Obtener.sql
euroamer_admin_2008,Ubigeo_Eliminar,2017-03-25 18:41:08,2025-01-02 06:23:44,1,SI,sql/euroamer_admin_2008.Ubigeo_Eliminar.sql
euroamer_admin_2008,Ubigeo_Listar,2017-03-25 18:41:08,2025-04-29 08:32:30,3,SI,sql/euroamer_admin_2008.Ubigeo_Listar.sql
euroamer_admin_2008,Ubigeo_Obtener,2017-03-25 18:41:08,2025-04-29 08:31:38,3,SI,sql/euroamer_admin_2008.Ubigeo_Obtener.sql
euroamer_admin_2008,Ubigeo_Procesar,2017-03-25 18:41:08,2025-01-02 08:57:17,6,SI,sql/euroamer_admin_2008.Ubigeo_Procesar.sql
euroamer_admin_2008,usp_ExampleProc,2023-05-04 10:47:12,2023-05-04 10:47:12,0,NO,sql/euroamer_admin_2008.usp_ExampleProc.sql
euroamer_admin_2008,Usuario_CambiarClave,2014-01-28 20:00:47,2025-04-15 08:09:02,3,SI,sql/euroamer_admin_2008.Usuario_CambiarClave.sql
euroamer_admin_2008,Usuario_CerrarTokenRecuperacion,2025-04-15 08:12:31,2025-04-15 08:12:31,2,SI,sql/euroamer_admin_2008.Usuario_CerrarTokenRecuperacion.sql
euroamer_admin_2008,Usuario_Eliminar,2013-12-24 08:50:59,2025-02-05 07:41:59,2,SI,sql/euroamer_admin_2008.Usuario_Eliminar.sql
euroamer_admin_2008,Usuario_Obtener,2025-01-04 08:33:22,2025-12-31 03:16:03,5,SI,sql/euroamer_admin_2008.Usuario_Obtener.sql
euroamer_admin_2008,Usuario_ObtenerDatos,2014-01-28 20:00:47,2014-01-28 20:00:47,2,SI,sql/euroamer_admin_2008.Usuario_ObtenerDatos.sql
euroamer_admin_2008,Usuario_Procesar,2013-12-24 08:50:59,2025-09-01 07:49:18,18,SI,sql/euroamer_admin_2008.Usuario_Procesar.sql
euroamer_admin_2008,Usuario_ProcesarTokenRecuperacion,2025-04-15 04:41:54,2025-04-15 08:08:30,1,SI,sql/euroamer_admin_2008.Usuario_ProcesarTokenRecuperacion.sql
euroamer_admin_2008,Usuario_RelacionEliminar,2017-03-25 18:41:08,2025-01-02 06:23:44,4,SI,sql/euroamer_admin_2008.Usuario_RelacionEliminar.sql
euroamer_admin_2008,Usuario_RelacionObtener,2017-03-25 18:41:08,2025-01-09 01:22:04,5,SI,sql/euroamer_admin_2008.Usuario_RelacionObtener.sql
euroamer_admin_2008,Usuario_RelacionObtenerSupPro,2017-03-25 18:41:08,2025-01-02 08:57:17,4,SI,sql/euroamer_admin_2008.Usuario_RelacionObtenerSupPro.sql
euroamer_admin_2008,Usuario_RelacionProcesar,2017-03-25 18:41:08,2025-01-02 08:57:18,6,SI,sql/euroamer_admin_2008.Usuario_RelacionProcesar.sql
euroamer_admin_2008,Usuario_ValidarAcceso,2013-12-24 08:50:59,2025-12-31 03:02:07,2,SI,sql/euroamer_admin_2008.Usuario_ValidarAcceso.sql
euroamer_admin_2008,Usuario_ValidarAcceso_old,2024-12-17 08:29:43,2024-12-17 08:29:43,2,NO,sql/euroamer_admin_2008.Usuario_ValidarAcceso_old.sql
euroamer_admin_2008,Usuario_ValidarExistencia,2013-12-24 08:50:59,2025-04-15 08:08:45,2,SI,sql/euroamer_admin_2008.Usuario_ValidarExistencia.sql
euroamer_admin_2008,Usuario_ValidarMenu,2025-03-21 10:34:17,2025-03-21 10:38:52,2,SI,sql/euroamer_admin_2008.Usuario_ValidarMenu.sql
euroamer_admin_2008,Usuario_ValidarTokenRecuperacion,2025-04-15 08:11:12,2025-04-15 08:11:12,2,SI,sql/euroamer_admin_2008.Usuario_ValidarTokenRecuperacion.sql
euroamer_admin_2008,UsuarioPais_Obtener,2017-03-25 18:41:08,2017-03-25 18:41:08,4,SI,sql/euroamer_admin_2008.UsuarioPais_Obtener.sql
euroamer_admin_2008,UsuarioPromotor_ValidarExistencia,2016-12-09 20:42:05,2017-03-13 16:42:59,1,SI,sql/euroamer_admin_2008.UsuarioPromotor_ValidarExistencia.sql
euroamer_admin_2008,UsuarioSupervisor_Obtener,2013-12-24 08:51:00,2013-12-24 08:51:00,0,NO,sql/euroamer_admin_2008.UsuarioSupervisor_Obtener.sql
euroamer_admin_2008,Valores_Eliminar,2025-01-17 07:41:17,2025-01-17 07:55:52,2,SI,sql/euroamer_admin_2008.Valores_Eliminar.sql
euroamer_admin_2008,Valores_Obtener,2025-01-17 06:20:10,2025-03-17 04:19:07,3,SI,sql/euroamer_admin_2008.Valores_Obtener.sql
euroamer_admin_2008,Valores_Procesar,2025-01-17 07:37:53,2025-01-17 07:51:16,7,SI,sql/euroamer_admin_2008.Valores_Procesar.sql
euroamer_admin_2008,ValoresTipo_Eliminar,2024-12-30 02:47:48,2024-12-30 02:49:13,2,SI,sql/euroamer_admin_2008.ValoresTipo_Eliminar.sql
euroamer_admin_2008,ValoresTipo_Obtener,2013-12-24 08:51:00,2016-12-12 21:01:01,1,SI,sql/euroamer_admin_2008.ValoresTipo_Obtener.sql
euroamer_admin_2008,ValoresTipo_ObtenerTipos,2024-12-30 03:04:44,2024-12-30 03:04:44,0,SI,sql/euroamer_admin_2008.ValoresTipo_ObtenerTipos.sql
euroamer_admin_2008,ValoresTipo_Procesar,2024-12-30 03:19:46,2024-12-30 03:19:46,3,SI,sql/euroamer_admin_2008.ValoresTipo_Procesar.sql
euroamer_admin_2008,ValoresTipoId_Obtener,2017-11-22 09:41:27,2017-11-22 09:41:27,2,SI,sql/euroamer_admin_2008.ValoresTipoId_Obtener.sql
euroamer_admin_2008,ValorTipos_Obtener,2025-01-17 06:01:51,2025-04-29 08:35:12,0,SI,sql/euroamer_admin_2008.ValorTipos_Obtener.sql
euroamer_admin_2008,Venta_ActualizarGestionIncentivos,2016-02-15 21:06:19,2026-08-26 04:47:39,5,SI,sql/euroamer_admin_2008.Venta_ActualizarGestionIncentivos.sql
euroamer_admin_2008,Venta_ActualizarPrecio,2026-08-27 02:41:18,2026-08-27 07:18:50,3,SI,sql/euroamer_admin_2008.Venta_ActualizarPrecio.sql
euroamer_admin_2008,Venta_ActualizarProcesar,2025-10-21 09:28:50,2026-03-19 10:10:50,7,SI,sql/euroamer_admin_2008.Venta_ActualizarProcesar.sql
euroamer_admin_2008,Venta_Anular,2013-12-24 08:51:00,2013-12-24 08:51:00,1,SI,sql/euroamer_admin_2008.Venta_Anular.sql
euroamer_admin_2008,Venta_CancelarExtornar,2013-12-24 08:51:00,2025-08-11 01:21:35,2,SI,sql/euroamer_admin_2008.Venta_CancelarExtornar.sql
euroamer_admin_2008,Venta_CuponValidar,2017-03-25 18:41:08,2017-03-25 18:41:08,5,SI,sql/euroamer_admin_2008.Venta_CuponValidar.sql
euroamer_admin_2008,Venta_Obtener,2026-04-13 04:40:56,2026-04-13 04:40:56,15,SI,sql/euroamer_admin_2008.Venta_Obtener.sql
euroamer_admin_2008,Venta_Obtener_2026,2026-04-13 07:18:35,2026-09-07 00:41:10,16,SI,sql/euroamer_admin_2008.Venta_Obtener_2026.sql
euroamer_admin_2008,Venta_Obtener_backup,2026-04-16 02:00:32,2026-04-16 02:00:32,15,NO,sql/euroamer_admin_2008.Venta_Obtener_backup.sql
euroamer_admin_2008,Venta_Obtener_nuevo,2026-03-17 09:49:21,2026-04-13 02:44:30,13,NO,sql/euroamer_admin_2008.Venta_Obtener_nuevo.sql
euroamer_admin_2008,Venta_Obtener_ORIGINAL,2015-05-19 09:28:10,2015-05-19 09:28:10,12,NO,sql/euroamer_admin_2008.Venta_Obtener_ORIGINAL.sql
euroamer_admin_2008,Venta_Obtener_test,2015-05-19 08:58:59,2015-09-22 14:51:05,12,NO,sql/euroamer_admin_2008.Venta_Obtener_test.sql
euroamer_admin_2008,Venta_ObtenerCliente,2015-08-17 19:27:43,2022-01-29 05:46:34,2,SI,sql/euroamer_admin_2008.Venta_ObtenerCliente.sql
euroamer_admin_2008,Venta_ObtenerCorreo,2014-08-03 18:34:10,2018-01-12 09:49:08,1,SI,sql/euroamer_admin_2008.Venta_ObtenerCorreo.sql
euroamer_admin_2008,Venta_ObtenerDescuentoVentas,2025-08-04 04:04:39,2025-08-04 04:48:27,1,SI,sql/euroamer_admin_2008.Venta_ObtenerDescuentoVentas.sql
euroamer_admin_2008,Venta_ObtenerGestionIncentivos,2016-02-15 21:06:18,2026-08-26 04:06:55,1,SI,sql/euroamer_admin_2008.Venta_ObtenerGestionIncentivos.sql
euroamer_admin_2008,Venta_ObtenerNuevo,2019-09-10 13:44:42,2025-10-14 02:57:19,15,NO,sql/euroamer_admin_2008.Venta_ObtenerNuevo.sql
euroamer_admin_2008,Venta_ObtenerPasajero,2021-12-15 06:40:24,2021-12-15 10:33:22,2,NO,sql/euroamer_admin_2008.Venta_ObtenerPasajero.sql
euroamer_admin_2008,Venta_ObtenerTarjetasVencidas,2015-04-14 21:09:43,2015-05-28 11:00:12,0,SI,sql/euroamer_admin_2008.Venta_ObtenerTarjetasVencidas.sql
euroamer_admin_2008,Venta_ObtenerVentasEspecificas,2013-12-24 08:51:00,2026-02-06 07:15:06,2,SI,sql/euroamer_admin_2008.Venta_ObtenerVentasEspecificas.sql
euroamer_admin_2008,Venta_Procesar,2018-10-31 14:56:39,2018-10-31 14:56:39,31,NO,sql/euroamer_admin_2008.Venta_Procesar.sql
euroamer_admin_2008,Venta_ProcesarNuevo,2019-09-10 13:49:24,2025-01-02 08:57:19,32,SI,sql/euroamer_admin_2008.Venta_ProcesarNuevo.sql
euroamer_admin_2008,Venta_Validar,2023-07-12 03:15:37,2023-07-21 01:28:36,12,SI,sql/euroamer_admin_2008.Venta_Validar.sql
euroamer_admin_2008,Venta_VigenciaValidar,2023-07-31 00:57:50,2023-07-31 01:11:09,2,SI,sql/euroamer_admin_2008.Venta_VigenciaValidar.sql
euroamer_admin_2008,Venta_WEB_Procesar,2018-12-18 15:11:07,2019-02-27 11:14:44,35,SI,sql/euroamer_admin_2008.Venta_WEB_Procesar.sql
euroamer_admin_2008,VentaCancelada_Detalle,2020-12-15 09:42:33,2025-09-08 08:06:29,2,SI,sql/euroamer_admin_2008.VentaCancelada_Detalle.sql
euroamer_admin_2008,VentaCliente_Eliminar,2015-01-30 10:30:58,2025-01-02 06:23:45,1,SI,sql/euroamer_admin_2008.VentaCliente_Eliminar.sql
euroamer_admin_2008,VentaCliente_Obtener,2015-01-30 10:30:58,2015-01-30 10:30:58,1,NO,sql/euroamer_admin_2008.VentaCliente_Obtener.sql
euroamer_admin_2008,VentaCliente_Obtener_2026,2026-08-31 08:22:22,2026-08-31 08:22:22,1,SI,sql/euroamer_admin_2008.VentaCliente_Obtener_2026.sql
euroamer_admin_2008,VentaCliente_Procesar,2015-01-30 10:30:58,2025-01-02 08:57:19,15,NO,sql/euroamer_admin_2008.VentaCliente_Procesar.sql
euroamer_admin_2008,VentaCliente_Procesar_2026,2026-08-31 08:22:22,2026-08-31 08:22:22,16,SI,sql/euroamer_admin_2008.VentaCliente_Procesar_2026.sql
euroamer_admin_2008,VentaCupon_Eliminar,2017-03-25 18:41:08,2017-03-25 18:41:08,1,NO,sql/euroamer_admin_2008.VentaCupon_Eliminar.sql
euroamer_admin_2008,VentaCupon_Obtener,2017-03-25 18:41:08,2017-03-25 18:41:08,6,NO,sql/euroamer_admin_2008.VentaCupon_Obtener.sql
euroamer_admin_2008,VentaCupon_Procesar,2017-03-25 18:41:08,2017-03-25 18:41:08,8,NO,sql/euroamer_admin_2008.VentaCupon_Procesar.sql
euroamer_admin_2008,VentaGrupal_Actualizar_Situacion,2018-08-07 06:53:51,2018-08-07 06:53:51,2,SI,sql/euroamer_admin_2008.VentaGrupal_Actualizar_Situacion.sql
euroamer_admin_2008,VentaGrupal_Lista,2018-08-08 09:26:11,2020-12-10 03:51:11,1,SI,sql/euroamer_admin_2008.VentaGrupal_Lista.sql
euroamer_admin_2008,VentaGrupal_Procesar,2016-12-09 20:42:05,2026-04-28 03:54:20,20,NO,sql/euroamer_admin_2008.VentaGrupal_Procesar.sql
euroamer_admin_2008,VentaGrupal_Procesar_2026,2026-08-24 08:43:00,2026-09-07 01:04:01,21,SI,sql/euroamer_admin_2008.VentaGrupal_Procesar_2026.sql
euroamer_admin_2008,VentaGrupal_Procesar_old,2025-02-11 12:27:22,2025-02-11 12:27:22,19,NO,sql/euroamer_admin_2008.VentaGrupal_Procesar_old.sql
euroamer_admin_2008,VentaGrupalWEB_Procesar,2024-08-12 10:09:59,2024-08-12 10:09:59,20,SI,sql/euroamer_admin_2008.VentaGrupalWEB_Procesar.sql
euroamer_admin_2008,VentaGrupoSituacionWEB_Actualizar,2020-12-10 03:59:13,2020-12-10 03:59:13,2,SI,sql/euroamer_admin_2008.VentaGrupoSituacionWEB_Actualizar.sql
euroamer_admin_2008,VentaMasiva_Procesar,2016-12-09 20:42:04,2016-12-29 22:31:51,26,NO,sql/euroamer_admin_2008.VentaMasiva_Procesar.sql
euroamer_admin_2008,VentaMasiva_ProcesarConsultar,2015-08-16 08:00:32,2015-08-16 08:00:32,1,NO,sql/euroamer_admin_2008.VentaMasiva_ProcesarConsultar.sql
euroamer_admin_2008,VentaMasiva_ProcesarConsultarNuevo,2019-09-11 06:57:45,2025-01-02 08:57:20,1,SI,sql/euroamer_admin_2008.VentaMasiva_ProcesarConsultarNuevo.sql
euroamer_admin_2008,VentaMasiva_ProcesarNuevo,2019-09-11 06:44:11,2025-08-13 09:02:36,27,NO,sql/euroamer_admin_2008.VentaMasiva_ProcesarNuevo.sql
euroamer_admin_2008,VentaMasiva_ProcesarNuevo_2026,2026-08-24 08:43:00,2026-08-24 08:43:00,28,SI,sql/euroamer_admin_2008.VentaMasiva_ProcesarNuevo_2026.sql
euroamer_admin_2008,VentaMasivaATV_ProcesarConsultar,2016-12-09 20:42:05,2016-12-09 20:42:05,1,NO,sql/euroamer_admin_2008.VentaMasivaATV_ProcesarConsultar.sql
euroamer_admin_2008,VentaMasivaATV_ProcesarConsultarNuevo,2019-09-11 06:51:11,2025-01-02 08:57:20,1,SI,sql/euroamer_admin_2008.VentaMasivaATV_ProcesarConsultarNuevo.sql
euroamer_admin_2008,VentaPendiente_Detalle,2018-07-08 12:50:12,2018-07-12 09:19:10,1,SI,sql/euroamer_admin_2008.VentaPendiente_Detalle.sql
euroamer_admin_2008,VentaPromo_Procesar,2017-03-25 18:41:08,2017-03-25 18:41:08,19,SI,sql/euroamer_admin_2008.VentaPromo_Procesar.sql
euroamer_admin_2008,Ventas_RangoEdad_Obtener,2025-04-03 06:09:45,2025-04-29 08:52:49,9,SI,sql/euroamer_admin_2008.Ventas_RangoEdad_Obtener.sql
euroamer_admin_2008,VentasAgencia_Obtener,2018-02-02 13:11:02,2025-10-01 03:15:24,5,SI,sql/euroamer_admin_2008.VentasAgencia_Obtener.sql
euroamer_admin_2008,VentasAgenciaMensuales_Obtener,2018-02-05 15:26:57,2026-01-07 02:59:53,7,SI,sql/euroamer_admin_2008.VentasAgenciaMensuales_Obtener.sql
euroamer_admin_2008,VentaSituacion_Actualizar,2018-07-12 13:19:22,2018-07-13 07:13:25,2,SI,sql/euroamer_admin_2008.VentaSituacion_Actualizar.sql
euroamer_admin_2008,VentasPaisAnual_Obtener,2018-02-20 15:20:51,2026-02-26 08:36:45,2,SI,sql/euroamer_admin_2008.VentasPaisAnual_Obtener.sql
euroamer_admin_2008,VentasPaisAnual_Obtener_old,2026-02-26 08:36:19,2026-02-26 08:36:19,2,NO,sql/euroamer_admin_2008.VentasPaisAnual_Obtener_old.sql
euroamer_admin_2008,VentasPaisMensual_Obtener,2018-03-16 13:44:53,2025-12-31 07:04:52,5,SI,sql/euroamer_admin_2008.VentasPaisMensual_Obtener.sql
euroamer_admin_2008,VentasProductoMensuales_Obtener,2025-03-25 09:23:57,2025-03-27 08:28:17,7,SI,sql/euroamer_admin_2008.VentasProductoMensuales_Obtener.sql
euroamer_admin_2008,VentasPromotorAnual_Obtener,2018-02-20 13:50:53,2025-10-28 02:59:06,4,SI,sql/euroamer_admin_2008.VentasPromotorAnual_Obtener.sql
euroamer_admin_2008,VentasPromotorDiario_Obtener,2018-02-20 15:15:33,2025-10-28 03:01:08,5,SI,sql/euroamer_admin_2008.VentasPromotorDiario_Obtener.sql
euroamer_admin_2008,VentasPromotorMensuales_Obtener,2018-02-19 13:16:43,2025-10-28 02:58:40,4,SI,sql/euroamer_admin_2008.VentasPromotorMensuales_Obtener.sql
euroamer_admin_2008,Visitas_Eliminar,2016-02-21 18:26:49,2016-02-21 18:26:49,1,NO,sql/euroamer_admin_2008.Visitas_Eliminar.sql
euroamer_admin_2008,Visitas_Obtener,2016-02-21 18:26:49,2017-05-26 09:35:18,5,NO,sql/euroamer_admin_2008.Visitas_Obtener.sql
euroamer_admin_2008,Visitas_Procesar,2016-02-21 18:26:49,2016-02-21 18:26:49,5,NO,sql/euroamer_admin_2008.Visitas_Procesar.sql
euroamer_admin_2008,VisitasApps_Agencias,2016-02-21 18:26:49,2016-02-22 19:23:50,4,NO,sql/euroamer_admin_2008.VisitasApps_Agencias.sql
euroamer_admin_2008,VisitasApps_Mapas,2016-02-21 18:26:50,2016-04-28 21:47:01,5,NO,sql/euroamer_admin_2008.VisitasApps_Mapas.sql
euroamer_admin_2008,VisitasApps_Obtener,2016-02-21 18:26:49,2016-04-28 21:46:33,4,NO,sql/euroamer_admin_2008.VisitasApps_Obtener.sql
euroamer_admin_2008,VisitasApps_Obtener_Detalle,2016-03-15 18:51:18,2016-03-15 18:51:18,1,NO,sql/euroamer_admin_2008.VisitasApps_Obtener_Detalle.sql
euroamer_admin_2008,VisitasApps_Procesar,2016-02-21 18:26:49,2016-03-15 18:57:31,10,NO,sql/euroamer_admin_2008.VisitasApps_Procesar.sql
euroamer_admin_2008,WS_Venta_Obtener,2016-12-09 20:42:05,2016-12-09 20:42:05,14,NO,sql/euroamer_admin_2008.WS_Venta_Obtener.sql
